角色名,角色英文名,作品名,图片文件名,图片路径
安昙小太郎,azumi kotaro,月色真美,azumi kotaro.png,https://international.saimoe.website/static/img/isml/avatar/small/azumi_kotaro.png
渚薰,nagisa kaworu,新世纪福音战士,nagisa kaworu.png,https://international.saimoe.website/static/img/isml/avatar/small/nagisa_kaworu1.png
的场静司,matoba seiji,夏目友人帐,matoba seiji.png,https://international.saimoe.website/static/img/isml/avatar/small/matoba_seiji.png
立花泷,tachibana taki,你的名字。,tachibana taki.png,https://international.saimoe.website/static/img/isml/avatar/small/tachibana_taki.png
黑,hei,黑之契约者,hei.png,https://international.saimoe.website/static/img/isml/avatar/small/hei.png
赤坂龙之介,akasaka ryunosuke,樱花庄的宠物女孩,akasaka ryunosuke.png,https://international.saimoe.website/static/img/isml/avatar/small/akasaka_ryunosuke.png
桐谷和人,kirigaya kazuto,刀剑神域,kirigaya kazuto.png,https://international.saimoe.website/static/img/isml/avatar/small/kirigaya_kazuto1.png
江户川柯南,edogawa conan,名侦探柯南,edogawa conan.png,https://international.saimoe.website/static/img/isml/avatar/small/edogawa_conan.png
安室透,amuro toru,名侦探柯南,amuro toru.png,https://international.saimoe.website/static/img/isml/avatar/small/amuro_toru.png
网代慎平,ajiro shinpei,夏日重现,ajiro shinpei.png,https://international.saimoe.website/static/img/isml/avatar/small/ajiro_shinpei.png
鲁路修·兰佩洛基,lelouch lamperouge,Code Geass,lelouch lamperouge.png,https://international.saimoe.website/static/img/isml/avatar/small/lelouch_lamperouge1.png
爱城恋太郎,aijo rentaro,超超超超超喜欢你的100个女朋友,aijo rentaro.png,https://international.saimoe.website/static/img/isml/avatar/small/aijo_rentaro.png
石上优,ishigami yu,辉夜大小姐想让我告白～天才们的恋爱头脑战～,ishigami yu.png,https://international.saimoe.website/static/img/isml/avatar/small/ishigami_yu.png
由崎星空,yuzaki nasa,总之就是非常可爱,yuzaki nasa.png,https://international.saimoe.website/static/img/isml/avatar/small/yuzaki_nasa.png
福部里志,fukube satoshi,冰菓,fukube satoshi.png,https://international.saimoe.website/static/img/isml/avatar/small/fukube_satoshi1.png
和泉正宗,izumi masamune,埃罗芒阿老师,izumi masamune.png,https://international.saimoe.website/static/img/isml/avatar/small/izumi_masamune.png
藤宫周,fujimiya amane,关于我在无意间被隔壁的天使变成废柴这件事,fujimiya amane.png,https://international.saimoe.website/static/img/isml/avatar/small/fujimiya_amane.png
辛美尔,himmel,葬送的芙莉莲,himmel.png,https://international.saimoe.website/static/img/isml/avatar/small/himmel.png
野比大雄,nobi nobita,哆啦A梦,nobi nobita.png,https://international.saimoe.website/static/img/isml/avatar/small/nobi_nobita.png
市川京太郎,ichikawa kyotaro,我心里危险的东西,ichikawa kyotaro.png,https://international.saimoe.website/static/img/isml/avatar/small/ichikawa_kyotaro.png
木下秀吉,kinoshita hideyoshi,笨蛋、测验、召唤兽,kinoshita hideyoshi.png,https://international.saimoe.website/static/img/isml/avatar/small/kinoshita_hideyoshi1.png
服部平次,hattori heiji,名侦探柯南,hattori heiji.png,https://international.saimoe.website/static/img/isml/avatar/small/hattori_heiji.png
音无结弦,otonashi yuzuru,Angel Beats!,otonashi yuzuru.png,https://international.saimoe.website/static/img/isml/avatar/small/otonashi_yuzuru.png
海塔,heiter,葬送的芙莉莲,heiter.png,https://international.saimoe.website/static/img/isml/avatar/small/heiter.png
艾泽,eisen,葬送的芙莉莲,eisen.png,https://international.saimoe.website/static/img/isml/avatar/small/eisen.png
大路饼藏,oji mochizo,玉子市场,oji mochizo.png,https://international.saimoe.website/static/img/isml/avatar/small/oji_mochizo1.png
广,hiro,Darling in the FranXX,hiro.png,https://international.saimoe.website/static/img/isml/avatar/small/hiro.png
麻中蓬,asanaka yomogi,SSSS.DYNAZENON,asanaka yomogi.png,https://international.saimoe.website/static/img/isml/avatar/small/asanaka_yomogi.png
国崎往人,kunisaki yukito,AIR,kunisaki yukito.png,https://international.saimoe.website/static/img/isml/avatar/small/kunisaki_yukito.png
内卷昴,uchimaki subaru,这个美术社大有问题！,uchimaki subaru.png,https://international.saimoe.website/static/img/isml/avatar/small/uchimaki_subaru.png
影山飞雄,kageyama tobio,排球少年！！,kageyama tobio.png,https://international.saimoe.website/static/img/isml/avatar/small/kageyama_tobio.png
赤井秀一,akai shuichi,名侦探柯南,akai shuichi.png,https://international.saimoe.website/static/img/isml/avatar/small/akai_shuichi.png
冈崎朋也,okazaki tomoya,CLANNAD,okazaki tomoya.png,https://international.saimoe.website/static/img/isml/avatar/small/okazaki_tomoya.png
一条乐,ichijo raku,伪恋,ichijo raku.png,https://international.saimoe.website/static/img/isml/avatar/small/ichijo_raku1.png
高须龙儿,takasu ryuji,龙与虎,takasu ryuji.png,https://international.saimoe.website/static/img/isml/avatar/small/takasu_ryuji.png
枣恭介,natsume kyosuke,Little Busters!,natsume kyosuke.png,https://international.saimoe.website/static/img/isml/avatar/small/natsume_kyosuke.png
有马公生,arima kosei,四月是你的谎言,arima kosei.png,https://international.saimoe.website/static/img/isml/avatar/small/arima_kosei.png
五条新菜,gojo wakana,更衣人偶坠入爱河,gojo wakana.png,https://international.saimoe.website/static/img/isml/avatar/small/gojo_wakana.png
石神千空,ishigami senku,Dr.STONE 石纪元,ishigami senku.png,https://international.saimoe.website/static/img/isml/avatar/small/ishigami_senku.png
夜斗,yato,野良神,yato.png,https://international.saimoe.website/static/img/isml/avatar/small/yato.png
犬夜叉,inuyasha,犬夜叉,inuyasha.png,https://international.saimoe.website/static/img/isml/avatar/small/inuyasha.png
夏目贵志,natsume takashi,夏目友人帐,natsume takashi.png,https://international.saimoe.website/static/img/isml/avatar/small/natsume_takashi.png
漩涡鸣人,uzumaki naruto,火影忍者,uzumaki naruto.png,https://international.saimoe.website/static/img/isml/avatar/small/uzumaki_naruto1.png
森岛帆高,morishima hodaka,天气之子,morishima hodaka.png,https://international.saimoe.website/static/img/isml/avatar/small/morishima_hodaka.png
利威尔,levi,进击的巨人,levi.png,https://international.saimoe.website/static/img/isml/avatar/small/levi.png
塔兹米,tatsumi,斩·赤红之瞳！,tatsumi.png,https://international.saimoe.website/static/img/isml/avatar/small/tatsumi1.png
日向翔阳,hinata shoyo,排球少年！！,hinata shoyo.png,https://international.saimoe.website/static/img/isml/avatar/small/hinata_shoyo.png
我妻善逸,agatsuma zenitsu,鬼灭之刃,agatsuma zenitsu.png,https://international.saimoe.website/static/img/isml/avatar/small/agatsuma_zenitsu.png
威廉·克梅修,willem kmetsch,末日时在做什么？有没有空？可以来拯救吗？,willem kmetsch.png,https://international.saimoe.website/static/img/isml/avatar/small/willem_kmetsch.png
劳伦斯,lawrence,白圣女与黑牧师,lawrence.png,https://international.saimoe.website/static/img/isml/avatar/small/lawrence.png
金木研,kaneki ken,东京食尸鬼,kaneki ken.png,https://international.saimoe.website/static/img/isml/avatar/small/kaneki_ken1.png
佐藤和真,sato kazuma,为美好的世界献上祝福！,sato kazuma.png,https://international.saimoe.website/static/img/isml/avatar/small/sato_kazuma.png
杀生丸,sesshomaru,犬夜叉,sesshomaru.png,https://international.saimoe.website/static/img/isml/avatar/small/sesshomaru1.png
卫宫,archer,Fate系列,archer.png,https://international.saimoe.website/static/img/isml/avatar/small/archer.png
神原秋人,kanbara akihito,境界的彼方,kanbara akihito.png,https://international.saimoe.website/static/img/isml/avatar/small/kanbara_akihito1.png
上杉风太郎,uesugi futaro,五等分的新娘,uesugi futaro.png,https://international.saimoe.website/static/img/isml/avatar/small/uesugi_futaro.png
野原新之助,nohara shinnosuke,蜡笔小新,nohara shinnosuke.png,https://international.saimoe.website/static/img/isml/avatar/small/nohara_shinnosuke.png
基尔伯特·布甘比利亚,gilbert bougainvillea,紫罗兰永恒花园,gilbert bougainvillea.png,https://international.saimoe.website/static/img/isml/avatar/small/gilbert_bougainvillea.png
春日野悠,kasugano haruka,缘之空,kasugano haruka.png,https://international.saimoe.website/static/img/isml/avatar/small/kasugano_haruka1.png
白血球(U-1146),neutrophil u-,工作细胞,neutrophil u-.png,https://international.saimoe.website/static/img/isml/avatar/small/neutrophil_u-1146.png
绫小路清隆,ayanokoji kiyotaka,欢迎来到实力至上主义的教室,ayanokoji kiyotaka.png,https://international.saimoe.website/static/img/isml/avatar/small/ayanokoji_kiyotaka.png
樱满集,oma shu,罪恶王冠,oma shu.png,https://international.saimoe.website/static/img/isml/avatar/small/oma_shu.png
灵幻新隆,reigen arataka,路人超能100,reigen arataka.png,https://international.saimoe.website/static/img/isml/avatar/small/reigen_arataka.png
赛欧特·利迦,theoto rikka,86 -不存在的战区-,theoto rikka.png,https://international.saimoe.website/static/img/isml/avatar/small/theoto_rikka.png
蓝染惣右介,aizen sosuke,BLEACH,aizen sosuke.png,https://international.saimoe.website/static/img/isml/avatar/small/aizen_sosuke.png
牧野神奈,makino kanna,玉子市场,makino kanna.png,https://international.saimoe.website/static/img/isml/avatar/small/makino_kanna.png
平泽忧,hirasawa ui,轻音少女,hirasawa ui.png,https://international.saimoe.website/static/img/isml/avatar/small/hirasawa_ui.png
优木雪菜,yuki setsuna,LoveLive!系列,yuki setsuna.png,https://international.saimoe.website/static/img/isml/avatar/small/yuki_setsuna.png
星野日向,hoshino hinata,天使降临到了我身边！,hoshino hinata.png,https://international.saimoe.website/static/img/isml/avatar/small/hoshino_hinata.png
唐可可,tang keke,LoveLive!系列,tang keke.png,https://international.saimoe.website/static/img/isml/avatar/small/tang_keke.png
楪祈,yuzuriha inori,罪恶王冠,yuzuriha inori.png,https://international.saimoe.website/static/img/isml/avatar/small/yuzuriha_inori.png
椎名真昼,shiina mahiru,关于我在无意间被隔壁的天使变成废柴这件事,shiina mahiru.png,https://international.saimoe.website/static/img/isml/avatar/small/shiina_mahiru.png
长门有希,nagato yuki,凉宫春日的忧郁,nagato yuki.png,https://international.saimoe.website/static/img/isml/avatar/small/nagato_yuki.png
平泽唯,hirasawa yui,轻音少女,hirasawa yui.png,https://international.saimoe.website/static/img/isml/avatar/small/hirasawa_yui.png
樱岛麻衣,sakurajima mai,青春猪头少年,sakurajima mai.png,https://international.saimoe.website/static/img/isml/avatar/small/sakurajima_mai.png
香风智乃,kafu chino,请问您今天要来点兔子吗？,kafu chino.png,https://international.saimoe.website/static/img/isml/avatar/small/kafu_chino.png
两仪式,ryogi shiki,空之境界,ryogi shiki.png,https://international.saimoe.website/static/img/isml/avatar/small/ryogi_shiki1.png
阿尔托莉雅·潘德拉贡,saber,Fate系列,saber.png,https://international.saimoe.website/static/img/isml/avatar/small/saber.png
后藤一里,goto hitori,孤独摇滚！,goto hitori.png,https://international.saimoe.website/static/img/isml/avatar/small/goto_hitori.png
立华奏,tachibana kanade,Angel Beats!,tachibana kanade.png,https://international.saimoe.website/static/img/isml/avatar/small/tachibana_kanade1.png
比企谷小町,hikigaya komachi,我的青春恋爱物语果然有问题。,hikigaya komachi.png,https://international.saimoe.website/static/img/isml/avatar/small/hikigaya_komachi1.png
古河渚,furukawa nagisa,CLANNAD,furukawa nagisa.png,https://international.saimoe.website/static/img/isml/avatar/small/furukawa_nagisa.png
藤原千花,fujiwara chika,辉夜大小姐想让我告白～天才们的恋爱头脑战～,fujiwara chika.png,https://international.saimoe.website/static/img/isml/avatar/small/fujiwara_chika.png
伞木希美,kasaki nozomi,吹响！上低音号,kasaki nozomi.png,https://international.saimoe.website/static/img/isml/avatar/small/kasaki_nozomi.png
02,zero two,Darling in the FranXX,zero two.png,https://international.saimoe.website/static/img/isml/avatar/small/zero_two1.png
千斗五十铃,sento isuzu,甘城光辉游乐园,sento isuzu.png,https://international.saimoe.website/static/img/isml/avatar/small/sento_isuzu.png
逢坂大河,aisaka taiga,龙与虎,aisaka taiga.png,https://international.saimoe.website/static/img/isml/avatar/small/aisaka_taiga.png
安琪·艾玛,anju emma,86 -不存在的战区-,anju emma.png,https://international.saimoe.website/static/img/isml/avatar/small/anju_emma.png
喜多川海梦,kitagawa marin,更衣人偶坠入爱河,kitagawa marin.png,https://international.saimoe.website/static/img/isml/avatar/small/kitagawa_marin.png
白咲花,shirosaki hana,天使降临到了我身边！,shirosaki hana.png,https://international.saimoe.website/static/img/isml/avatar/small/shirosaki_hana.png
绫波丽,ayanami rei,新世纪福音战士,ayanami rei.png,https://international.saimoe.website/static/img/isml/avatar/small/ayanami_rei.png
伊原摩耶花,ibara mayaka,冰菓,ibara mayaka.png,https://international.saimoe.website/static/img/isml/avatar/small/ibara_mayaka1.png
凸守早苗,dekomori sanae,中二病也要谈恋爱！,dekomori sanae.png,https://international.saimoe.website/static/img/isml/avatar/small/dekomori_sanae.png
茵蒂克丝,index l prohibitorum,魔法禁书目录,index l prohibitorum.png,https://international.saimoe.website/static/img/isml/avatar/small/index_l_prohibitorum.png
休比·多拉,schwi dola,NO GAME NO LIFE 游戏人生,schwi dola.png,https://international.saimoe.website/static/img/isml/avatar/small/schwi_dola1.png
秋山澪,akiyama mio,轻音少女,akiyama mio.png,https://international.saimoe.website/static/img/isml/avatar/small/akiyama_mio1.png
绪山真寻,oyama mahiro,别当欧尼酱了！,oyama mahiro.png,https://international.saimoe.website/static/img/isml/avatar/small/oyama_mahiro.png
青山七海,aoyama nanami,樱花庄的宠物女孩,aoyama nanami.png,https://international.saimoe.website/static/img/isml/avatar/small/aoyama_nanami.png
惠惠,megumin,为美好的世界献上祝福！,megumin.png,https://international.saimoe.website/static/img/isml/avatar/small/megumin.png
时崎狂三,tokisaki kurumi,约会大作战,tokisaki kurumi.png,https://international.saimoe.website/static/img/isml/avatar/small/tokisaki_kurumi.png
芙蕾德利嘉·罗森菲尔特,frederica rosenfort,86 -不存在的战区-,frederica rosenfort.png,https://international.saimoe.website/static/img/isml/avatar/small/frederica_rosenfort.png
初音未来,hatsune miku,VOCALOID,hatsune miku.png,https://international.saimoe.website/static/img/isml/avatar/small/hatsune_miku1.png
丹生谷森夏,nibutani shinka,中二病也要谈恋爱！,nibutani shinka.png,https://international.saimoe.website/static/img/isml/avatar/small/nibutani_shinka1.png
七宫智音,shichimiya satone,中二病也要谈恋爱！,shichimiya satone.png,https://international.saimoe.website/static/img/isml/avatar/small/shichimiya_satone1.png
四宫辉夜,shinomiya kaguya,辉夜大小姐想让我告白～天才们的恋爱头脑战～,shinomiya kaguya.png,https://international.saimoe.website/static/img/isml/avatar/small/shinomiya_kaguya.png
若叶睦,wakaba mutsumi,BanG Dream!,wakaba mutsumi.png,https://international.saimoe.website/static/img/isml/avatar/small/wakaba_mutsumi.png
黑川茜,kurokawa akane,【我推的孩子】,kurokawa akane.png,https://international.saimoe.website/static/img/isml/avatar/small/kurokawa_akane.png
小鸟游六花,takanashi rikka,中二病也要谈恋爱！,takanashi rikka.png,https://international.saimoe.website/static/img/isml/avatar/small/takanashi_rikka.png
菲伦,fern,葬送的芙莉莲,fern.png,https://international.saimoe.website/static/img/isml/avatar/small/fern.png
渡边曜,watanabe yo,LoveLive!系列,watanabe yo.png,https://international.saimoe.website/static/img/isml/avatar/small/watanabe_yo.png
五更琉璃,goko ruri,我的妹妹哪有这么可爱！,goko ruri.png,https://international.saimoe.website/static/img/isml/avatar/small/goko_ruri1.png
见崎鸣,misaki mei,Another,misaki mei.png,https://international.saimoe.website/static/img/isml/avatar/small/misaki_mei1.png
爱蜜莉雅,emilia,Re:从零开始的异世界生活,emilia.png,https://international.saimoe.website/static/img/isml/avatar/small/emilia.png
堀京子,hori kyoko,堀与宫村,hori kyoko.png,https://international.saimoe.website/static/img/isml/avatar/small/hori_kyoko.png
洛琪希·米格路迪亚,roxy migurdia,无职转生,roxy migurdia.png,https://international.saimoe.website/static/img/isml/avatar/small/roxy_migurdia.png
猫猫,maomao,药屋少女的呢喃,maomao.png,https://international.saimoe.website/static/img/isml/avatar/small/maomao.png
惣流·明日香·兰格雷,soryu asuka langley,新世纪福音战士,soryu asuka langley.png,https://international.saimoe.website/static/img/isml/avatar/small/soryu_asuka_langley.png
鹿目圆,kaname madoka,魔法少女小圆,kaname madoka.png,https://international.saimoe.website/static/img/isml/avatar/small/kaname_madoka.png
珂朵莉·诺塔·瑟尼欧里斯,chtholly nota seniorious,末日时在做什么？有没有空？可以来拯救吗？,chtholly nota seniorious.png,https://international.saimoe.website/static/img/isml/avatar/small/chtholly_nota_seniorious1.png
晓美焰,akemi homura,魔法少女小圆,akemi homura.png,https://international.saimoe.website/static/img/isml/avatar/small/akemi_homura.png
阿尼亚·福杰,anya forger,间谍过家家,anya forger.png,https://international.saimoe.website/static/img/isml/avatar/small/anya_forger.png
星野瑠美衣,hoshino rubii,【我推的孩子】,hoshino rubii.png,https://international.saimoe.website/static/img/isml/avatar/small/hoshino_rubii.png
锦木千束,nishikigi chisato,莉可丽丝,nishikigi chisato.png,https://international.saimoe.website/static/img/isml/avatar/small/nishikigi_chisato.png
椎名真白,shiina mashiro,樱花庄的宠物女孩,shiina mashiro.png,https://international.saimoe.website/static/img/isml/avatar/small/shiina_mashiro.png
宫水三叶,miyamizu mitsuha,你的名字。,miyamizu mitsuha.png,https://international.saimoe.website/static/img/isml/avatar/small/miyamizu_mitsuha.png
久石奏,hisaishi kanade,吹响！上低音号,hisaishi kanade.png,https://international.saimoe.website/static/img/isml/avatar/small/hisaishi_kanade.png
凉宫春日,suzumiya haruhi,凉宫春日的忧郁,suzumiya haruhi.png,https://international.saimoe.website/static/img/isml/avatar/small/suzumiya_haruhi.png
五河琴里,itsuka kotori,约会大作战,itsuka kotori.png,https://international.saimoe.website/static/img/isml/avatar/small/itsuka_kotori1.png
丰川祥子,togawa sakiko,BanG Dream!,togawa sakiko.png,https://international.saimoe.website/static/img/isml/avatar/small/togawa_sakiko.png
山田杏奈,yamada anna,我心里危险的东西,yamada anna.png,https://international.saimoe.website/static/img/isml/avatar/small/yamada_anna1.png
西片,nishikata,擅长捉弄的高木同学,nishikata.png,https://international.saimoe.website/static/img/isml/avatar/small/nishikata.png
旗木卡卡西,hatake kakashi,火影忍者,hatake kakashi.png,https://international.saimoe.website/static/img/isml/avatar/small/hatake_kakashi.png
卫宫切嗣,emiya kiritsugu,Fate系列,emiya kiritsugu.png,https://international.saimoe.website/static/img/isml/avatar/small/emiya_kiritsugu.png
罗罗亚·索隆,roronoa zoro,海贼王,roronoa zoro.png,https://international.saimoe.website/static/img/isml/avatar/small/roronoa_zoro.png
上条当麻,kamijo toma,魔法禁书目录,kamijo toma.png,https://international.saimoe.website/static/img/isml/avatar/small/kamijo_toma.png
吉尔伽美什,gilgamesh,Fate系列,gilgamesh.png,https://international.saimoe.website/static/img/isml/avatar/small/gilgamesh.png
富冈义勇,tomioka giyu,鬼灭之刃,tomioka giyu.png,https://international.saimoe.website/static/img/isml/avatar/small/tomioka_giyu.png
户冢彩加,totsuka saika,我的青春恋爱物语果然有问题。,totsuka saika.png,https://international.saimoe.website/static/img/isml/avatar/small/totsuka_saika.png
安艺伦也,aki tomoya,路人女主的养成方法,aki tomoya.png,https://international.saimoe.website/static/img/isml/avatar/small/aki_tomoya1.png
宇智波佐助,uchiha sasuke,火影忍者,uchiha sasuke.png,https://international.saimoe.website/static/img/isml/avatar/small/uchiha_sasuke1.png
席德·卡盖诺,cid kagenou,想要成为影之实力者！,cid kagenou.png,https://international.saimoe.website/static/img/isml/avatar/small/cid_kagenou.png
艾伦·耶格尔,eren yeager,进击的巨人,eren yeager.png,https://international.saimoe.website/static/img/isml/avatar/small/eren_yeager1.png
潮田渚,shiota nagisa,暗杀教室,shiota nagisa.png,https://international.saimoe.website/static/img/isml/avatar/small/shiota_nagisa.png
冢本秀一,tsukamoto shuichi,吹响！上低音号,tsukamoto shuichi.png,https://international.saimoe.website/static/img/isml/avatar/small/tsukamoto_shuichi.png
绯村剑心,himura kenshin,浪客剑心,himura kenshin.png,https://international.saimoe.website/static/img/isml/avatar/small/himura_kenshin.png
夜神月,yagami light,死亡笔记,yagami light.png,https://international.saimoe.website/static/img/isml/avatar/small/yagami_light.png
一方通行,accelerator,魔法禁书目录,accelerator.png,https://international.saimoe.website/static/img/isml/avatar/small/accelerator.png
蒙奇·D·路飞,monkey d luffy,海贼王,monkey d luffy.png,https://international.saimoe.website/static/img/isml/avatar/small/monkey_d_luffy.png
北原伊织,kitahara iori,碧蓝之海,kitahara iori.png,https://international.saimoe.website/static/img/isml/avatar/small/kitahara_iori.png
阿良良木历,araragi koyomi,物语系列,araragi koyomi.png,https://international.saimoe.website/static/img/isml/avatar/small/araragi_koyomi.png
乙坂有宇,otosaka yu,Charlotte,otosaka yu.png,https://international.saimoe.website/static/img/isml/avatar/small/otosaka_yu.png
阿虚,kyon,凉宫春日的忧郁,kyon.png,https://international.saimoe.website/static/img/isml/avatar/small/kyon.png
石田将也,ishida shoya,声之形,ishida shoya.png,https://international.saimoe.website/static/img/isml/avatar/small/ishida_shoya.png
五河士道,itsuka shido,约会大作战,itsuka shido.png,https://international.saimoe.website/static/img/isml/avatar/small/itsuka_shido.png
可儿江西也,kanie seiya,甘城光辉游乐园,kanie seiya.png,https://international.saimoe.website/static/img/isml/avatar/small/kanie_seiya.png
时透无一郎,tokito muichiro,鬼灭之刃,tokito muichiro.png,https://international.saimoe.website/static/img/isml/avatar/small/tokito_muichiro.png
名取周一,natori shuuichi,夏目友人帐,natori shuuichi.png,https://international.saimoe.website/static/img/isml/avatar/small/natori_shuuichi.png
劳埃德·福杰,loid forger,间谍过家家,loid forger.png,https://international.saimoe.website/static/img/isml/avatar/small/loid_forger.png
宇智波鼬,uchiha itachi,火影忍者,uchiha itachi.png,https://international.saimoe.website/static/img/isml/avatar/small/uchiha_itachi1.png
李小狼,li syaoran,魔卡少女樱,li syaoran.png,https://international.saimoe.website/static/img/isml/avatar/small/li_syaoran.png
宫村伊澄,miyamura izumi,堀与宫村,miyamura izumi.png,https://international.saimoe.website/static/img/isml/avatar/small/miyamura_izumi.png
黑崎一护,kurosaki ichigo,BLEACH,kurosaki ichigo.png,https://international.saimoe.website/static/img/isml/avatar/small/kurosaki_ichigo1.png
星野爱久爱海,hoshino akuamarin,【我推的孩子】,hoshino akuamarin.png,https://international.saimoe.website/static/img/isml/avatar/small/hoshino_akuamarin.png
齐木楠雄,saiki kusuo,齐木楠雄的灾难,saiki kusuo.png,https://international.saimoe.website/static/img/isml/avatar/small/saiki_kusuo.png
鲁迪乌斯·格雷拉特,rudeus greyrat,无职转生,rudeus greyrat.png,https://international.saimoe.website/static/img/isml/avatar/small/rudeus_greyrat.png
孙悟空,son goku,龙珠,son goku.png,https://international.saimoe.website/static/img/isml/avatar/small/son_goku1.png
冈部伦太郎,okabe rintaro,命运石之门,okabe rintaro.png,https://international.saimoe.website/static/img/isml/avatar/small/okabe_rintaro.png
水柿司,mizugaki tsukasa,可塑性记忆,mizugaki tsukasa.png,https://international.saimoe.website/static/img/isml/avatar/small/mizugaki_tsukasa1.png
小智,satoshi,宝可梦,satoshi.png,https://international.saimoe.website/static/img/isml/avatar/small/satoshi1.png
空条承太郎,kujo jotaro,JoJo的奇妙冒险,kujo jotaro.png,https://international.saimoe.website/static/img/isml/avatar/small/kujo_jotaro1.png
坂田银时,sakata gintoki,银魂,sakata gintoki.png,https://international.saimoe.website/static/img/isml/avatar/small/sakata_gintoki.png
斯派克·斯皮格尔,spike spiegel,星际牛仔,spike spiegel.png,https://international.saimoe.website/static/img/isml/avatar/small/spike_spiegel.png
天王寺瑚太朗,tennoji kotaro,Rewrite,tennoji kotaro.png,https://international.saimoe.website/static/img/isml/avatar/small/tennoji_kotaro.png
神田空太,kanda sorata,樱花庄的宠物女孩,kanda sorata.png,https://international.saimoe.website/static/img/isml/avatar/small/kanda_sorata.png
太宰治,dazai osamu,文豪野犬,dazai osamu.png,https://international.saimoe.website/static/img/isml/avatar/small/dazai_osamu.png
赤羽业,akabane karma,暗杀教室,akabane karma.png,https://international.saimoe.website/static/img/isml/avatar/small/akabane_karma.png
泉新一,izumi shinichi,寄生兽,izumi shinichi.png,https://international.saimoe.website/static/img/isml/avatar/small/izumi_shinichi1.png
格斯,guts,剑风传奇,guts.png,https://international.saimoe.website/static/img/isml/avatar/small/guts1.png
卫宫士郎,emiya shiro,Fate系列,emiya shiro.png,https://international.saimoe.website/static/img/isml/avatar/small/emiya_shiro.png
L Lawliet,l lawliet,死亡笔记,l lawliet.png,https://international.saimoe.website/static/img/isml/avatar/small/l_lawliet.png
辛耶·诺赞,shinei nouzen,86 -不存在的战区-,shinei nouzen.png,https://international.saimoe.website/static/img/isml/avatar/small/shinei_nouzen.png
波风水门,namikaze minato,火影忍者,namikaze minato.png,https://international.saimoe.website/static/img/isml/avatar/small/namikaze_minato.png
艾尔文·史密斯,erwin smith,进击的巨人,erwin smith.png,https://international.saimoe.website/static/img/isml/avatar/small/erwin_smith1.png
壬氏,jinshi,药屋少女的呢喃,jinshi.png,https://international.saimoe.website/static/img/isml/avatar/small/jinshi.png
野崎梅太郎,nozaki umetaro,月刊少女野崎君,nozaki umetaro.png,https://international.saimoe.website/static/img/isml/avatar/small/nozaki_umetaro.png
灶门炭治郎,kamado tanjiro,鬼灭之刃,kamado tanjiro.png,https://international.saimoe.website/static/img/isml/avatar/small/kamado_tanjiro.png
里克·多拉,riku dola,NO GAME NO LIFE 游戏人生,riku dola.png,https://international.saimoe.website/static/img/isml/avatar/small/riku_dola.png
休塔尔克,stark,葬送的芙莉莲,stark.png,https://international.saimoe.website/static/img/isml/avatar/small/stark.png
伊藤诚,ito makoto,School Days,ito makoto.png,https://international.saimoe.website/static/img/isml/avatar/small/ito_makoto1.png
黑羽快斗,kuroba kaito,魔术快斗,kuroba kaito.png,https://international.saimoe.website/static/img/isml/avatar/small/kuroba_kaito1.png
五条悟,gojo satoru,咒术回战,gojo satoru.png,https://international.saimoe.website/static/img/isml/avatar/small/gojo_satoru.png
菜月昴,natsuki subaru,Re:从零开始的异世界生活,natsuki subaru.png,https://international.saimoe.website/static/img/isml/avatar/small/natsuki_subaru.png
百夜米迦尔,hyakuya mikaela,终结的炽天使,hyakuya mikaela.png,https://international.saimoe.website/static/img/isml/avatar/small/hyakuya_mikaela1.png
坂井悠二,sakai yuji,灼眼的夏娜,sakai yuji.png,https://international.saimoe.website/static/img/isml/avatar/small/sakai_yuji.png
梓川枫,azusagawa kaede,青春猪头少年,azusagawa kaede.png,https://international.saimoe.website/static/img/isml/avatar/small/azusagawa_kaede.png
宫园薰,miyazono kaori,四月是你的谎言,miyazono kaori.png,https://international.saimoe.website/static/img/isml/avatar/small/miyazono_kaori.png
椎名立希,shiina taki,BanG Dream!,shiina taki.png,https://international.saimoe.website/static/img/isml/avatar/small/shiina_taki.png
高木,takagi,擅长捉弄的高木同学,takagi.png,https://international.saimoe.website/static/img/isml/avatar/small/takagi1.png
尼禄·克劳狄乌斯,nero claudius,Fate系列,nero claudius.png,https://international.saimoe.website/static/img/isml/avatar/small/nero_claudius.png
泽村·斯潘塞·英梨梨,sawamura spencer eriri,路人女主的养成方法,sawamura spencer eriri.png,https://international.saimoe.website/static/img/isml/avatar/small/sawamura_spencer_eriri.png
一色伊吕波,isshiki iroha,我的青春恋爱物语果然有问题。,isshiki iroha.png,https://international.saimoe.website/static/img/isml/avatar/small/isshiki_iroha.png
北白川玉子,kitashirakawa tamako,玉子市场,kitashirakawa tamako.png,https://international.saimoe.website/static/img/isml/avatar/small/kitashirakawa_tamako1.png
井之上泷奈,inoue takina,莉可丽丝,inoue takina.png,https://international.saimoe.website/static/img/isml/avatar/small/inoue_takina.png
中野五月,nakano itsuki,五等分的新娘,nakano itsuki.png,https://international.saimoe.website/static/img/isml/avatar/small/nakano_itsuki.png
有马加奈,arima kana,【我推的孩子】,arima kana.png,https://international.saimoe.website/static/img/isml/avatar/small/arima_kana.png
春日野穹,kasugano sora,缘之空,kasugano sora.png,https://international.saimoe.website/static/img/isml/avatar/small/kasugano_sora.png
星野爱,hoshino ai,【我推的孩子】,hoshino ai.png,https://international.saimoe.website/static/img/isml/avatar/small/hoshino_ai.png
琴吹䌷,kotobuki tsumugi,轻音少女,kotobuki tsumugi.png,https://international.saimoe.website/static/img/isml/avatar/small/kotobuki_tsumugi1.png
可蕾娜·库克米拉,kurena kukumila,86 -不存在的战区-,kurena kukumila.png,https://international.saimoe.website/static/img/isml/avatar/small/kurena_kukumila.png
远坂凛,tosaka rin,Fate系列,tosaka rin.png,https://international.saimoe.website/static/img/isml/avatar/small/tosaka_rin.png
中野三玖,nakano miku,五等分的新娘,nakano miku.png,https://international.saimoe.website/static/img/isml/avatar/small/nakano_miku.png
和泉纱雾,izumi sagiri,埃罗芒阿老师,izumi sagiri.png,https://international.saimoe.website/static/img/isml/avatar/small/izumi_sagiri1.png
东海帝王,tokai teio,赛马娘 Pretty Derby,tokai teio.png,https://international.saimoe.website/static/img/isml/avatar/small/tokai_teio.png
四谷见子,yotsuya miko,看得见的女孩,yotsuya miko.png,https://international.saimoe.website/static/img/isml/avatar/small/yotsuya_miko.png
艾拉,isla,可塑性记忆,isla.png,https://international.saimoe.website/static/img/isml/avatar/small/isla.png
塞西莉亚,cecilia,白圣女与黑牧师,cecilia.png,https://international.saimoe.website/static/img/isml/avatar/small/cecilia.png
毛利兰,mori ran,名侦探柯南,mori ran.png,https://international.saimoe.website/static/img/isml/avatar/small/mori_ran.png
桐崎千棘,kirisaki chitoge,伪恋,kirisaki chitoge.png,https://international.saimoe.website/static/img/isml/avatar/small/kirisaki_chitoge.png
田井中律,tainaka ritsu,轻音少女,tainaka ritsu.png,https://international.saimoe.website/static/img/isml/avatar/small/tainaka_ritsu.png
山田凉,yamada ryo,孤独摇滚！,yamada ryo.png,https://international.saimoe.website/static/img/isml/avatar/small/yamada_ryo.png
喜多郁代,kita ikuyo,孤独摇滚！,kita ikuyo.png,https://international.saimoe.website/static/img/isml/avatar/small/kita_ikuyo.png
白井黑子,shirai kuroko,魔法禁书目录,shirai kuroko.png,https://international.saimoe.website/static/img/isml/avatar/small/shirai_kuroko1.png
托尔,toru,小林家的龙女仆,toru.png,https://international.saimoe.website/static/img/isml/avatar/small/toru1.png
灰原哀,haibara ai,名侦探柯南,haibara ai.png,https://international.saimoe.website/static/img/isml/avatar/small/haibara_ai.png
伊地知虹夏,ijichi nijika,孤独摇滚！,ijichi nijika.png,https://international.saimoe.website/static/img/isml/avatar/small/ijichi_nijika.png
约尔·福杰,yor forger,间谍过家家,yor forger.png,https://international.saimoe.website/static/img/isml/avatar/small/yor_forger.png
木之本樱,kinomoto sakura,魔卡少女樱,kinomoto sakura.png,https://international.saimoe.website/static/img/isml/avatar/small/kinomoto_sakura.png
栗山未来,kuriyama mirai,境界的彼方,kuriyama mirai.png,https://international.saimoe.website/static/img/isml/avatar/small/kuriyama_mirai.png
要乐奈,kaname raana,BanG Dream!,kaname raana.png,https://international.saimoe.website/static/img/isml/avatar/small/kaname_raana1.png
结城明日奈,yuki asuna,刀剑神域,yuki asuna.png,https://international.saimoe.website/static/img/isml/avatar/small/yuki_asuna.png
由比滨结衣,yuigahama yui,我的青春恋爱物语果然有问题。,yuigahama yui.png,https://international.saimoe.website/static/img/isml/avatar/small/yuigahama_yui.png
神尾观铃,kamio misuzu,AIR,kamio misuzu.png,https://international.saimoe.website/static/img/isml/avatar/small/kamio_misuzu.png
千反田爱瑠,chitanda eru,冰菓,chitanda eru.png,https://international.saimoe.website/static/img/isml/avatar/small/chitanda_eru1.png
高松灯,takamatsu tomori,BanG Dream!,takamatsu tomori.png,https://international.saimoe.website/static/img/isml/avatar/small/takamatsu_tomori.png
牧濑红莉栖,makise kurisu,命运石之门,makise kurisu.png,https://international.saimoe.website/static/img/isml/avatar/small/makise_kurisu.png
西宫硝子,nishimiya shoko,声之形,nishimiya shoko.png,https://international.saimoe.website/static/img/isml/avatar/small/nishimiya_shoko1.png
双叶理央,futaba rio,青春猪头少年,futaba rio.png,https://international.saimoe.website/static/img/isml/avatar/small/futaba_rio.png
中野四叶,nakano yotsuba,五等分的新娘,nakano yotsuba.png,https://international.saimoe.website/static/img/isml/avatar/small/nakano_yotsuba.png
泉此方,izumi konata,幸运☆星,izumi konata.png,https://international.saimoe.website/static/img/isml/avatar/small/izumi_konata.png
鸢一折纸,tobiichi origami,约会大作战,tobiichi origami.png,https://international.saimoe.website/static/img/isml/avatar/small/tobiichi_origami1.png
芙拉蒂蕾娜·米利杰,vladilena milize,86 -不存在的战区-,vladilena milize.png,https://international.saimoe.website/static/img/isml/avatar/small/vladilena_milize.png
由崎司,yuzaki tsukasa,总之就是非常可爱,yuzaki tsukasa.png,https://international.saimoe.website/static/img/isml/avatar/small/yuzaki_tsukasa.png
佐仓千代,sakura chiyo,月刊少女野崎君,sakura chiyo.png,https://international.saimoe.website/static/img/isml/avatar/small/sakura_chiyo.png
中野梓,nakano azusa,轻音少女,nakano azusa.png,https://international.saimoe.website/static/img/isml/avatar/small/nakano_azusa.png
千早爱音,chihaya anon,BanG Dream!,chihaya anon.png,https://international.saimoe.website/static/img/isml/avatar/small/chihaya_anon.png
长崎爽世,nagasaki soyo,BanG Dream!,nagasaki soyo.png,https://international.saimoe.website/static/img/isml/avatar/small/nagasaki_soyo.png
西木野真姬,nishikino maki,LoveLive!系列,nishikino maki.png,https://international.saimoe.website/static/img/isml/avatar/small/nishikino_maki.png
白,shiro ngnl,NO GAME NO LIFE 游戏人生,shiro ngnl.png,https://international.saimoe.website/static/img/isml/avatar/small/shiro_ngnl.png
雪之下阳乃,yukinoshita haruno,我的青春恋爱物语果然有问题。,yukinoshita haruno.png,https://international.saimoe.website/static/img/isml/avatar/small/yukinoshita_haruno.png
友利奈绪,tomori nao,Charlotte,tomori nao.png,https://international.saimoe.website/static/img/isml/avatar/small/tomori_nao.png
铠冢霙,yoroizuka mizore,吹响！上低音号,yoroizuka mizore.png,https://international.saimoe.website/static/img/isml/avatar/small/yoroizuka_mizore.png
天野阳菜,amano hina,天气之子,amano hina.png,https://international.saimoe.website/static/img/isml/avatar/small/amano_hina.png
芙莉莲,frieren,葬送的芙莉莲,frieren.png,https://international.saimoe.website/static/img/isml/avatar/small/frieren.png
间桐樱,mato sakura,Fate系列,mato sakura.png,https://international.saimoe.website/static/img/isml/avatar/small/mato_sakura.png
中野二乃,nakano nino,五等分的新娘,nakano nino.png,https://international.saimoe.website/static/img/isml/avatar/small/nakano_nino.png
中野一花,nakano ichika,五等分的新娘,nakano ichika.png,https://international.saimoe.website/static/img/isml/avatar/small/nakano_ichika.png
康娜卡姆依,kanna kamui,小林家的龙女仆,kanna kamui.png,https://international.saimoe.website/static/img/isml/avatar/small/kanna_kamui1.png
霞之丘诗羽,kasumigaoka utaha,路人女主的养成方法,kasumigaoka utaha.png,https://international.saimoe.website/static/img/isml/avatar/small/kasumigaoka_utaha.png
